,Year,Major_Dept,Ambition,Goals,Music,Sports,Friday_Nights,School_balance,Movie_Genres,Social_Style,Transfer,Cluster #
0,4.0,8.0,3.0,1.0,4.0,1.0,2.0,1.0,7.0,3.0,2.0,4
1,3.0,3.0,1.0,2.0,8.0,1.0,1.0,2.0,4.0,2.0,1.0,10
2,1.0000000000000002,7.0,2.0,2.0,2.0000000000000004,10.0,1.0,3.0,11.0,2.0,2.0,8
3,4.0,5.0,1.0,1.0,8.0,3.0,2.0,2.0,6.0,3.0,2.0,4
4,2.0,4.0,2.0,1.0,3.0,9.0,2.0,2.0,7.0,1.0,2.0,13
5,3.0,8.0,1.0,1.0,8.0,9.0,1.0,2.0,5.0,2.0,2.0,2
6,3.0,8.0,1.0,2.0,3.0,1.0,2.0,1.0,11.0,1.0,1.0,11
7,4.0,2.0,2.0,1.0,2.0000000000000004,1.9999999999999996,2.0,1.0,3.0,1.0,1.0,15
8,2.0,8.0,2.0,2.0,2.0000000000000004,5.0,2.0,2.0,2.0,3.0,2.0,12
9,3.0,3.0,3.0,1.0,4.0,4.0,2.0,1.0,8.0,1.0,1.0,15
10,3.0,4.0,3.0,2.0,6.0,8.0,1.0,3.0,8.0,3.0,2.0,6
11,2.0,6.0,3.0,2.0,1.0,8.0,2.0,1.0,10.0,2.0,1.0,3
12,1.0000000000000002,2.0,2.0,2.0,10.0,3.0,1.0,2.0,8.0,1.0,2.0,1
13,4.0,7.0,3.0,1.0,1.0,1.0,1.0,1.0,8.0,3.0,1.0,5
14,4.0,2.0,1.0,2.0,3.0,5.0,2.0,1.0,2.0,1.0,1.0,12
15,2.0,4.0,2.0,1.0,2.0000000000000004,9.0,2.0,1.0,2.0,1.0,1.0,9
16,4.0,2.0,1.0,2.0,2.0000000000000004,9.0,1.0,2.0,1.0,1.0,1.0,10
17,4.0,7.0,1.0,2.0,3.0,3.0,1.0,3.0,9.0,1.0,2.0,11
18,2.0,2.0,3.0,2.0,6.0,1.0,1.0,1.0,9.0,3.0,1.0,3
19,4.0,4.0,3.0,1.0,10.0,1.0,1.0,1.0,1.0,1.0,2.0,0
20,1.0000000000000002,7.0,1.0,2.0,4.0,8.0,1.0,2.0,9.0,2.0,1.0,8
21,1.0000000000000002,1.0,1.0,2.0,7.0,4.0,1.0,3.0,11.0,3.0,2.0,6
22,3.0,5.0,3.0,2.0,6.0,5.0,2.0,1.0,2.0,3.0,2.0,4
23,4.0,2.0,3.0,1.0,4.0,8.0,2.0,2.0,7.0,3.0,1.0,9
24,1.0000000000000002,7.0,2.0,1.0,10.0,9.0,2.0,3.0,2.0,2.0,1.0,14
25,3.0,6.0,3.0,1.0,9.0,7.0,1.0,2.0,10.0,3.0,2.0,2
26,3.0,2.0,3.0,1.0,7.0,7.0,1.0,3.0,9.0,1.0,2.0,2
27,1.0000000000000002,7.0,3.0,2.0,3.0,10.0,2.0,2.0,4.0,3.0,1.0,3
28,1.0000000000000002,5.0,1.0,1.0,3.0,7.0,1.0,2.0,10.0,2.0,1.0,8
29,4.0,2.0,3.0,1.0,3.0,10.0,2.0,2.0,5.0,3.0,2.0,4
30,2.0,4.0,1.0,2.0,2.0000000000000004,10.0,1.0,2.0,2.0,2.0,2.0,12
31,2.0,1.0,1.0,2.0,7.0,5.0,1.0,1.0,10.0,2.0,2.0,10
32,1.0000000000000002,4.0,1.0,2.0,6.0,5.0,2.0,1.0,1.0,1.0,2.0,12
33,1.0000000000000002,3.0,2.0,2.0,5.0,10.0,1.0,1.0,1.0,3.0,2.0,12
34,4.0,1.0,1.0,2.0,8.0,10.0,2.0,1.0,2.0,2.0,2.0,12
35,1.0000000000000002,4.0,3.0,2.0,3.0,6.0,2.0,2.0,9.0,3.0,1.0,3
36,3.0,3.0,1.0,2.0,5.0,3.0,2.0,2.0,8.0,2.0,1.0,10
37,3.0,7.0,3.0,2.0,10.0,10.0,1.0,1.0,3.0,3.0,1.0,7
38,1.0000000000000002,8.0,3.0,2.0,2.0000000000000004,1.9999999999999996,1.0,2.0,11.0,1.0,1.0,8
39,3.0,4.0,1.0,1.0,1.0,1.9999999999999996,2.0,1.0,1.0,3.0,1.0,17
40,4.0,2.0,3.0,2.0,3.0,5.0,1.0,3.0,5.0,1.0,2.0,11
41,1.0000000000000002,7.0,3.0,2.0,6.0,3.0,2.0,1.0,6.0,1.0,2.0,3
42,2.0,1.0,2.0,1.0,2.0000000000000004,3.0,1.0,3.0,3.0,2.0,2.0,0
43,4.0,3.0,3.0,1.0,5.0,4.0,1.0,2.0,4.0,3.0,2.0,4
44,1.0000000000000002,5.0,2.0,2.0,9.0,4.0,1.0,2.0,11.0,3.0,2.0,6
45,2.0,2.0,2.0,1.0,3.0,7.0,2.0,2.0,5.0,2.0,1.0,9
46,4.0,2.0,1.0,1.0,9.0,1.9999999999999996,1.0,1.0,10.0,3.0,2.0,0
47,2.0,8.0,1.0,1.0,2.0000000000000004,8.0,1.0,2.0,6.0,1.0,1.0,8
48,3.0,6.0,2.0,2.0,2.0000000000000004,3.0,1.0,3.0,2.0,2.0,1.0,16
49,3.0,2.0,2.0,1.0,1.0,7.0,1.0,2.0,9.0,3.0,1.0,0
50,3.0,4.0,2.0,1.0,3.0,3.0,1.0,3.0,1.0,1.0,1.0,16
51,1.0000000000000002,3.0,3.0,1.0,3.0,1.9999999999999996,1.0,1.0,1.0,1.0,1.0,3
52,1.0000000000000002,3.0,1.0,1.0,2.0000000000000004,8.0,2.0,1.0,1.0,2.0,2.0,13
53,3.0,5.0,2.0,1.0,5.0,4.0,2.0,3.0,9.0,1.0,2.0,2
54,3.0,1.0,2.0,2.0,5.0,9.0,1.0,1.0,5.0,1.0,1.0,10
55,1.0000000000000002,8.0,2.0,1.0,1.0,6.0,2.0,3.0,8.0,3.0,1.0,18
56,3.0,3.0,2.0,2.0,7.0,3.0,2.0,1.0,10.0,2.0,2.0,4
57,3.0,3.0,1.0,1.0,6.0,3.0,1.0,2.0,1.0,1.0,1.0,16
58,4.0,2.0,3.0,1.0,6.0,1.0,1.0,2.0,10.0,1.0,1.0,15
59,2.0,2.0,2.0,2.0,7.0,10.0,1.0,2.0,8.0,2.0,1.0,10
60,3.0,2.0,1.0,1.0,6.0,10.0,1.0,2.0,11.0,2.0,2.0,2
61,4.0,4.0,2.0,2.0,2.0000000000000004,8.0,1.0,1.0,9.0,1.0,1.0,10
62,3.0,4.0,3.0,1.0,9.0,1.0,2.0,2.0,6.0,1.0,1.0,15
63,2.0,6.0,2.0,1.0,1.0,10.0,2.0,1.0,8.0,1.0,1.0,9
64,2.0,1.0,3.0,1.0,1.0,4.0,2.0,1.0,9.0,1.0,2.0,1
65,2.0,5.0,1.0,1.0,5.0,10.0,2.0,2.0,4.0,2.0,2.0,13
66,1.0000000000000002,6.0,1.0,1.0,10.0,1.0,1.0,1.0,3.0,1.0,1.0,14
67,4.0,7.0,2.0,1.0,2.0000000000000004,3.0,2.0,2.0,4.0,2.0,2.0,4
68,4.0,8.0,3.0,1.0,6.0,10.0,1.0,3.0,9.0,3.0,1.0,5
69,3.0,5.0,1.0,2.0,10.0,7.0,1.0,1.0,10.0,3.0,2.0,6
70,4.0,7.0,1.0,1.0,4.0,4.0,1.0,1.0,9.0,3.0,2.0,5
71,1.0000000000000002,4.0,3.0,1.0,10.0,8.0,1.0,2.0,4.0,1.0,2.0,14
72,1.0000000000000002,8.0,2.0,1.0,6.0,10.0,1.0,2.0,3.0,3.0,2.0,18
73,1.0000000000000002,3.0,2.0,2.0,6.0,1.9999999999999996,2.0,2.0,10.0,3.0,1.0,3
74,2.0,3.0,2.0,2.0,6.0,3.0,2.0,1.0,1.0,1.0,2.0,12
75,2.0,5.0,3.0,2.0,3.0,8.0,1.0,1.0,4.0,1.0,2.0,10
76,2.0,7.0,1.0,2.0,1.0,7.0,1.0,3.0,1.0,2.0,1.0,16
77,2.0,5.0,2.0,1.0,6.0,7.0,2.0,1.0,1.0,3.0,2.0,13
78,4.0,6.0,2.0,1.0,5.0,1.0,1.0,3.0,10.0,3.0,1.0,5
79,1.0000000000000002,7.0,2.0,2.0,1.0,1.9999999999999996,2.0,2.0,1.0,1.0,2.0,12
80,3.0,7.0,1.0,1.0,2.0000000000000004,5.0,2.0,1.0,7.0,3.0,2.0,13
81,2.0,1.0,3.0,1.0,1.0,3.0,1.0,1.0,6.0,3.0,1.0,0
82,3.0,6.0,3.0,2.0,7.0,9.0,1.0,2.0,1.0,2.0,2.0,2
83,1.0000000000000002,5.0,1.0,1.0,5.0,1.9999999999999996,2.0,2.0,4.0,3.0,2.0,6
84,4.0,2.0,3.0,2.0,4.0,8.0,2.0,3.0,6.0,2.0,2.0,11
85,2.0,2.0,2.0,1.0,9.0,3.0,2.0,2.0,4.0,3.0,1.0,17
86,3.0,8.0,1.0,1.0,8.0,4.0,2.0,1.0,1.0,3.0,2.0,13
87,2.0,2.0,1.0,2.0,8.0,1.0,1.0,3.0,3.0,1.0,2.0,1
88,2.0,5.0,3.0,1.0,6.0,8.0,2.0,1.0,6.0,2.0,1.0,9
89,3.0,5.0,1.0,1.0,4.0,3.0,1.0,2.0,4.0,2.0,2.0,0
90,2.0,6.0,1.0,1.0,4.0,10.0,1.0,3.0,9.0,2.0,2.0,18
91,2.0,7.0,3.0,2.0,3.0,9.0,2.0,2.0,5.0,3.0,1.0,3
92,3.0,2.0,2.0,1.0,8.0,9.0,1.0,3.0,7.0,2.0,2.0,2
93,4.0,1.0,1.0,2.0,10.0,6.0,2.0,2.0,1.0,3.0,1.0,10
94,3.0,6.0,2.0,2.0,9.0,8.0,1.0,2.0,9.0,1.0,2.0,2
95,3.0,5.0,3.0,1.0,5.0,4.0,2.0,2.0,8.0,2.0,2.0,2
96,3.0,6.0,2.0,2.0,4.0,1.0,1.0,2.0,2.0,2.0,1.0,16
97,2.0,4.0,3.0,1.0,1.0,9.0,2.0,1.0,6.0,2.0,1.0,9
98,1.0000000000000002,4.0,1.0,2.0,1.0,4.0,2.0,1.0,4.0,1.0,2.0,12
99,1.0000000000000002,6.0,3.0,2.0,8.0,4.0,2.0,3.0,3.0,1.0,1.0,7
100,3.0,3.0,3.0,1.0,9.0,1.0,2.0,3.0,6.0,3.0,1.0,5
101,2.0,4.0,1.0,2.0,7.0,10.0,1.0,3.0,11.0,2.0,2.0,6
102,1.0000000000000002,8.0,2.0,2.0,10.0,7.0,2.0,2.0,10.0,3.0,2.0,6
103,2.0,8.0,1.0,2.0,7.0,1.0,1.0,1.0,6.0,2.0,2.0,6
104,3.0,3.0,1.0,1.0,1.0,5.0,1.0,2.0,5.0,3.0,2.0,0
105,3.0,7.0,3.0,2.0,9.0,6.0,2.0,2.0,10.0,3.0,1.0,3
106,1.0000000000000002,6.0,3.0,2.0,10.0,5.0,1.0,2.0,8.0,1.0,2.0,7
107,2.0,5.0,3.0,2.0,3.0,6.0,2.0,1.0,11.0,1.0,1.0,3
108,4.0,4.0,3.0,2.0,3.0,9.0,1.0,1.0,8.0,3.0,2.0,10
109,4.0,6.0,1.0,2.0,10.0,10.0,1.0,3.0,7.0,1.0,2.0,2
110,1.0000000000000002,1.0,3.0,1.0,9.0,4.0,1.0,1.0,10.0,2.0,1.0,0
111,4.0,5.0,1.0,2.0,2.0000000000000004,1.0,1.0,3.0,11.0,2.0,1.0,11
112,2.0,4.0,2.0,2.0,2.0000000000000004,5.0,1.0,1.0,10.0,2.0,1.0,10
113,3.0,7.0,3.0,1.0,4.0,6.0,2.0,1.0,2.0,2.0,1.0,9
114,4.0,7.0,3.0,2.0,8.0,1.9999999999999996,1.0,3.0,6.0,2.0,2.0,7
115,3.0,8.0,1.0,1.0,6.0,7.0,2.0,3.0,10.0,3.0,1.0,5
116,3.0,7.0,2.0,2.0,2.0000000000000004,5.0,2.0,2.0,10.0,1.0,2.0,11
117,1.0000000000000002,7.0,1.0,2.0,7.0,7.0,2.0,2.0,2.0,1.0,2.0,12
118,1.0000000000000002,1.0,3.0,2.0,9.0,4.0,1.0,3.0,4.0,2.0,1.0,3
119,4.0,1.0,3.0,2.0,9.0,4.0,1.0,2.0,11.0,3.0,2.0,6
120,2.0,3.0,2.0,2.0,10.0,10.0,1.0,1.0,5.0,1.0,1.0,10
121,1.0000000000000002,5.0,2.0,1.0,2.0000000000000004,1.9999999999999996,1.0,3.0,3.0,1.0,1.0,16
122,4.0,1.0,1.0,2.0,3.0,3.0,2.0,2.0,10.0,3.0,2.0,4
123,3.0,1.0,2.0,1.0,7.0,8.0,1.0,2.0,4.0,3.0,1.0,0
124,1.0000000000000002,4.0,1.0,2.0,7.0,9.0,1.0,2.0,11.0,3.0,1.0,8
125,2.0,8.0,1.0,1.0,9.0,4.0,2.0,1.0,10.0,1.0,2.0,2
126,1.0000000000000002,2.0,1.0,1.0,1.0,3.0,1.0,1.0,10.0,1.0,2.0,1
127,2.0,2.0,3.0,2.0,8.0,7.0,1.0,2.0,4.0,2.0,2.0,6
128,2.0,4.0,1.0,1.0,4.0,5.0,1.0,1.0,2.0,2.0,2.0,0
129,3.0,4.0,1.0,2.0,10.0,6.0,2.0,2.0,1.0,1.0,2.0,12
130,4.0,7.0,3.0,2.0,3.0,8.0,1.0,3.0,10.0,1.0,1.0,11
131,1.0000000000000002,1.0,1.0,1.0,5.0,4.0,1.0,3.0,7.0,3.0,1.0,16
132,1.0000000000000002,1.0,2.0,1.0,10.0,5.0,1.0,3.0,3.0,1.0,2.0,1
133,3.0,8.0,1.0,2.0,5.0,5.0,2.0,3.0,9.0,3.0,2.0,6
134,3.0,2.0,1.0,1.0,4.0,8.0,1.0,2.0,1.0,3.0,2.0,0
135,3.0,1.0,3.0,1.0,5.0,1.9999999999999996,2.0,3.0,9.0,1.0,1.0,15
136,4.0,4.0,1.0,1.0,7.0,5.0,2.0,2.0,3.0,3.0,1.0,17
137,1.0000000000000002,5.0,1.0,1.0,9.0,5.0,1.0,3.0,10.0,1.0,1.0,14
138,2.0,7.0,2.0,1.0,9.0,10.0,2.0,3.0,6.0,1.0,1.0,14
139,2.0,8.0,2.0,1.0,5.0,8.0,2.0,1.0,3.0,1.0,1.0,9
140,1.0000000000000002,2.0,3.0,2.0,5.0,5.0,2.0,1.0,11.0,2.0,1.0,3
141,4.0,5.0,3.0,2.0,10.0,6.0,1.0,2.0,10.0,1.0,2.0,2
142,1.0000000000000002,2.0,1.0,1.0,1.0,9.0,2.0,1.0,10.0,1.0,1.0,9
143,3.0,8.0,2.0,1.0,7.0,1.9999999999999996,2.0,2.0,7.0,3.0,1.0,5
144,1.0000000000000002,7.0,2.0,2.0,5.0,10.0,2.0,1.0,1.0,3.0,1.0,3
145,1.0000000000000002,6.0,2.0,1.0,1.0,7.0,2.0,3.0,3.0,3.0,1.0,18
146,2.0,1.0,3.0,2.0,3.0,5.0,1.0,1.0,8.0,1.0,1.0,3
147,1.0000000000000002,6.0,3.0,1.0,10.0,6.0,1.0,2.0,11.0,1.0,2.0,2
148,1.0000000000000002,1.0,1.0,1.0,6.0,1.9999999999999996,2.0,2.0,2.0,3.0,2.0,6
149,1.0000000000000002,7.0,1.0,1.0,1.0,8.0,2.0,2.0,10.0,2.0,2.0,13
150,1.0000000000000002,4.0,1.0,1.0,1.0,8.0,1.0,2.0,8.0,2.0,2.0,18
151,1.0000000000000002,1.0,2.0,2.0,8.0,7.0,2.0,1.0,8.0,3.0,2.0,3
152,1.0000000000000002,2.0,1.0,2.0,3.0,4.0,1.0,2.0,7.0,3.0,1.0,10
153,4.0,2.0,1.0,1.0,8.0,5.0,2.0,2.0,9.0,1.0,1.0,15
154,2.0,6.0,1.0,1.0,6.0,10.0,1.0,3.0,2.0,1.0,2.0,18
155,3.0,7.0,1.0,1.0,2.0000000000000004,5.0,1.0,3.0,6.0,1.0,2.0,18
156,2.0,3.0,1.0,1.0,8.0,1.0,2.0,2.0,5.0,3.0,1.0,17
157,2.0,4.0,3.0,1.0,8.0,10.0,1.0,2.0,1.0,1.0,1.0,14
158,1.0000000000000002,8.0,3.0,2.0,5.0,8.0,2.0,3.0,6.0,2.0,2.0,7
159,2.0,2.0,3.0,2.0,3.0,3.0,2.0,2.0,2.0,3.0,2.0,4
160,4.0,5.0,1.0,1.0,8.0,10.0,2.0,1.0,5.0,2.0,2.0,13
161,1.0000000000000002,8.0,3.0,1.0,10.0,8.0,1.0,2.0,1.0,2.0,2.0,14
162,4.0,6.0,2.0,1.0,9.0,1.9999999999999996,2.0,1.0,9.0,3.0,1.0,5
163,4.0,4.0,1.0,1.0,8.0,4.0,2.0,2.0,9.0,3.0,2.0,4
164,2.0,7.0,3.0,2.0,7.0,6.0,1.0,3.0,6.0,1.0,2.0,7
165,3.0,4.0,1.0,2.0,6.0,5.0,2.0,1.0,7.0,3.0,1.0,10
166,2.0,2.0,3.0,2.0,8.0,5.0,1.0,1.0,11.0,2.0,1.0,3
167,1.0000000000000002,5.0,2.0,2.0,4.0,3.0,2.0,3.0,7.0,3.0,2.0,6
168,4.0,2.0,1.0,1.0,7.0,5.0,1.0,2.0,3.0,3.0,1.0,0
169,2.0,4.0,1.0,1.0,9.0,5.0,1.0,2.0,4.0,2.0,2.0,1
170,2.0,3.0,2.0,2.0,4.0,4.0,1.0,3.0,11.0,2.0,2.0,8
171,1.0000000000000002,4.0,1.0,1.0,5.0,7.0,2.0,1.0,2.0,1.0,1.0,9
172,1.0000000000000002,7.0,1.0,1.0,10.0,7.0,1.0,2.0,3.0,2.0,1.0,8
173,3.0,3.0,1.0,1.0,1.0,9.0,2.0,1.0,1.0,1.0,1.0,9
174,4.0,5.0,3.0,2.0,2.0000000000000004,5.0,2.0,3.0,11.0,1.0,1.0,11
175,2.0,3.0,1.0,2.0,1.0,7.0,2.0,2.0,3.0,1.0,1.0,10
176,4.0,3.0,3.0,2.0,4.0,1.0,1.0,1.0,5.0,1.0,1.0,15
177,1.0000000000000002,5.0,2.0,1.0,4.0,10.0,1.0,3.0,8.0,1.0,2.0,18
178,3.0,6.0,2.0,1.0,8.0,6.0,2.0,2.0,9.0,3.0,1.0,5
179,1.0000000000000002,4.0,1.0,1.0,3.0,1.0,2.0,1.0,9.0,3.0,1.0,17
180,3.0,8.0,1.0,2.0,3.0,9.0,2.0,1.0,10.0,3.0,2.0,13
181,4.0,8.0,3.0,2.0,10.0,1.9999999999999996,1.0,3.0,10.0,3.0,1.0,7
182,4.0,2.0,1.0,2.0,1.0,1.9999999999999996,2.0,2.0,11.0,3.0,2.0,4
183,2.0,3.0,2.0,1.0,8.0,7.0,2.0,3.0,6.0,1.0,1.0,14
184,1.0000000000000002,6.0,1.0,1.0,8.0,10.0,1.0,2.0,10.0,3.0,1.0,8
185,3.0,4.0,1.0,2.0,2.0000000000000004,1.9999999999999996,1.0,3.0,11.0,3.0,2.0,11
186,1.0000000000000002,7.0,1.0,2.0,9.0,4.0,2.0,1.0,8.0,1.0,1.0,3
187,4.0,3.0,3.0,1.0,2.0000000000000004,1.9999999999999996,2.0,1.0,2.0,3.0,1.0,9
188,3.0,6.0,3.0,2.0,9.0,3.0,2.0,3.0,2.0,2.0,1.0,7
189,4.0,8.0,1.0,1.0,4.0,1.9999999999999996,2.0,2.0,9.0,1.0,1.0,11
190,1.0000000000000002,2.0,2.0,2.0,7.0,6.0,1.0,2.0,5.0,1.0,2.0,1
191,2.0,4.0,2.0,2.0,2.0000000000000004,9.0,1.0,2.0,6.0,3.0,2.0,12
192,2.0,6.0,1.0,2.0,10.0,4.0,2.0,3.0,8.0,3.0,2.0,6
193,4.0,7.0,2.0,1.0,3.0,1.9999999999999996,1.0,2.0,9.0,3.0,1.0,5
194,3.0,4.0,3.0,2.0,3.0,7.0,2.0,1.0,8.0,3.0,2.0,4
195,1.0000000000000002,1.0,3.0,2.0,9.0,8.0,2.0,1.0,11.0,1.0,1.0,3
196,2.0,2.0,2.0,1.0,5.0,1.0,1.0,1.0,9.0,1.0,2.0,1
197,3.0,8.0,3.0,1.0,10.0,8.0,2.0,3.0,1.0,1.0,2.0,14
198,4.0,1.0,2.0,1.0,9.0,4.0,2.0,1.0,4.0,2.0,1.0,0
199,3.0,4.0,2.0,2.0,1.0,7.0,1.0,2.0,2.0,2.0,1.0,16
200,1.0000000000000002,5.0,2.0,2.0,4.0,6.0,1.0,2.0,3.0,3.0,2.0,12
201,1.0000000000000002,3.0,1.0,2.0,1.0,10.0,1.0,1.0,3.0,2.0,2.0,12
202,1.0000000000000002,1.0,2.0,2.0,7.0,6.0,2.0,2.0,2.0,2.0,2.0,12
203,3.0,2.0,3.0,2.0,10.0,8.0,2.0,1.0,4.0,1.0,1.0,3
204,4.0,3.0,3.0,1.0,10.0,10.0,2.0,3.0,8.0,3.0,2.0,2
205,3.0,6.0,1.0,1.0,1.0,1.0,2.0,1.0,2.0,3.0,1.0,17
206,2.0,5.0,2.0,2.0,7.0,10.0,2.0,2.0,11.0,3.0,2.0,6
207,3.0,3.0,1.0,1.0,9.0,5.0,1.0,2.0,7.0,2.0,2.0,1
208,3.0,4.0,1.0,2.0,10.0,3.0,2.0,1.0,10.0,1.0,2.0,2
209,3.0,3.0,2.0,1.0,10.0,1.9999999999999996,1.0,2.0,10.0,3.0,1.0,0
210,3.0,5.0,3.0,2.0,7.0,1.9999999999999996,1.0,3.0,8.0,1.0,1.0,7
211,4.0,4.0,1.0,1.0,6.0,6.0,2.0,2.0,2.0,1.0,1.0,9
212,3.0,4.0,3.0,1.0,10.0,7.0,1.0,1.0,6.0,2.0,1.0,0
213,3.0,8.0,1.0,2.0,4.0,1.0,2.0,1.0,7.0,1.0,2.0,11
214,3.0,7.0,3.0,2.0,7.0,1.0,2.0,3.0,10.0,1.0,1.0,7
215,1.0000000000000002,5.0,1.0,2.0,10.0,6.0,2.0,2.0,6.0,2.0,2.0,6
216,1.0000000000000002,7.0,2.0,1.0,7.0,1.9999999999999996,2.0,2.0,2.0,1.0,2.0,14
217,1.0000000000000002,6.0,1.0,2.0,9.0,1.9999999999999996,2.0,1.0,2.0,3.0,2.0,6
218,2.0,7.0,2.0,2.0,4.0,10.0,1.0,2.0,9.0,3.0,1.0,8
219,4.0,7.0,1.0,2.0,7.0,1.9999999999999996,2.0,1.0,1.0,3.0,2.0,12
220,4.0,1.0,1.0,1.0,3.0,10.0,2.0,2.0,8.0,1.0,1.0,9
221,1.0000000000000002,7.0,1.0,2.0,7.0,10.0,1.0,2.0,8.0,2.0,1.0,8
222,3.0,3.0,3.0,2.0,4.0,10.0,1.0,1.0,8.0,1.0,2.0,10
223,3.0,7.0,1.0,1.0,2.0000000000000004,10.0,2.0,3.0,8.0,3.0,2.0,13
224,1.0000000000000002,7.0,3.0,1.0,2.0000000000000004,3.0,2.0,2.0,7.0,2.0,2.0,18
225,2.0,4.0,1.0,2.0,7.0,1.0,1.0,3.0,5.0,3.0,2.0,6
226,3.0,3.0,3.0,2.0,8.0,5.0,2.0,1.0,10.0,2.0,1.0,3
227,3.0,5.0,2.0,2.0,9.0,3.0,1.0,2.0,2.0,3.0,1.0,7
228,1.0000000000000002,5.0,2.0,2.0,1.0,8.0,1.0,3.0,3.0,1.0,1.0,16
229,2.0,8.0,3.0,2.0,9.0,10.0,2.0,3.0,2.0,1.0,2.0,7
230,1.0000000000000002,4.0,1.0,2.0,5.0,1.0,2.0,3.0,11.0,3.0,2.0,6
231,2.0,4.0,3.0,1.0,4.0,6.0,1.0,3.0,2.0,2.0,2.0,0
232,1.0000000000000002,3.0,3.0,1.0,10.0,1.9999999999999996,2.0,3.0,1.0,1.0,2.0,14
233,1.0000000000000002,7.0,3.0,2.0,9.0,1.0,1.0,2.0,7.0,3.0,2.0,6
234,4.0,8.0,1.0,1.0,8.0,6.0,1.0,3.0,5.0,3.0,1.0,5
235,4.0,1.0,2.0,2.0,8.0,1.9999999999999996,2.0,3.0,4.0,1.0,1.0,15
236,4.0,3.0,1.0,1.0,8.0,8.0,1.0,2.0,11.0,2.0,1.0,2
237,3.0,2.0,3.0,1.0,5.0,10.0,2.0,1.0,4.0,1.0,2.0,13
238,1.0000000000000002,2.0,1.0,1.0,7.0,1.0,2.0,3.0,9.0,2.0,2.0,1
239,4.0,4.0,1.0,1.0,6.0,7.0,1.0,2.0,2.0,1.0,2.0,2
240,2.0,2.0,1.0,1.0,7.0,1.0,1.0,3.0,5.0,2.0,2.0,1
241,4.0,4.0,2.0,1.0,5.0,3.0,2.0,1.0,9.0,3.0,2.0,4
242,4.0,2.0,1.0,1.0,2.0000000000000004,1.0,2.0,3.0,10.0,3.0,2.0,4
243,2.0,8.0,1.0,2.0,10.0,10.0,1.0,3.0,7.0,3.0,2.0,6
244,2.0,7.0,2.0,2.0,5.0,9.0,1.0,1.0,2.0,1.0,2.0,10
245,2.0,1.0,3.0,1.0,3.0,7.0,1.0,2.0,5.0,3.0,1.0,0
246,1.0000000000000002,8.0,1.0,1.0,4.0,7.0,1.0,3.0,4.0,2.0,1.0,16
247,2.0,4.0,1.0,1.0,5.0,1.0,1.0,1.0,7.0,2.0,1.0,17
248,1.0000000000000002,8.0,3.0,2.0,5.0,9.0,1.0,2.0,11.0,2.0,2.0,8
249,1.0000000000000002,1.0,3.0,1.0,8.0,9.0,2.0,3.0,6.0,2.0,2.0,14
250,1.0000000000000002,1.0,2.0,1.0,10.0,5.0,2.0,2.0,3.0,3.0,1.0,17
251,1.0000000000000002,3.0,3.0,2.0,10.0,1.9999999999999996,2.0,2.0,7.0,3.0,1.0,3
252,4.0,3.0,3.0,2.0,7.0,10.0,1.0,3.0,3.0,2.0,1.0,7
253,1.0000000000000002,2.0,1.0,1.0,4.0,6.0,1.0,3.0,11.0,1.0,2.0,1
254,4.0,7.0,1.0,1.0,7.0,10.0,1.0,1.0,1.0,2.0,1.0,0
255,3.0,7.0,1.0,2.0,3.0,10.0,2.0,1.0,4.0,1.0,1.0,9
256,3.0,8.0,2.0,1.0,8.0,10.0,1.0,3.0,11.0,3.0,2.0,2
257,1.0000000000000002,4.0,1.0,2.0,4.0,3.0,1.0,1.0,2.0,2.0,2.0,12
258,4.0,7.0,1.0,2.0,5.0,8.0,1.0,2.0,1.0,3.0,1.0,10
259,2.0,2.0,2.0,2.0,1.0,5.0,2.0,2.0,10.0,2.0,2.0,4
260,1.0000000000000002,6.0,3.0,1.0,5.0,10.0,1.0,1.0,7.0,1.0,2.0,13
261,3.0,8.0,3.0,1.0,1.0,1.0,2.0,2.0,9.0,3.0,2.0,4
262,2.0,7.0,2.0,2.0,7.0,6.0,2.0,1.0,7.0,3.0,1.0,3
263,2.0,2.0,1.0,2.0,4.0,7.0,2.0,1.0,9.0,2.0,1.0,10
264,4.0,7.0,3.0,2.0,1.0,3.0,1.0,3.0,10.0,1.0,1.0,11
265,1.0000000000000002,7.0,1.0,1.0,10.0,5.0,2.0,3.0,1.0,1.0,2.0,14
266,2.0,8.0,2.0,1.0,7.0,9.0,2.0,3.0,3.0,1.0,1.0,14
267,3.0,6.0,2.0,2.0,5.0,3.0,1.0,3.0,2.0,3.0,1.0,16
268,3.0,3.0,3.0,1.0,7.0,1.9999999999999996,2.0,1.0,1.0,2.0,1.0,0
269,1.0000000000000002,1.0,2.0,2.0,5.0,3.0,1.0,2.0,3.0,3.0,2.0,3
270,4.0,8.0,1.0,1.0,5.0,6.0,2.0,1.0,3.0,1.0,1.0,9
271,1.0000000000000002,8.0,3.0,2.0,2.0000000000000004,6.0,1.0,1.0,5.0,2.0,1.0,8
272,4.0,2.0,1.0,2.0,5.0,5.0,1.0,2.0,1.0,2.0,2.0,12
273,1.0000000000000002,1.0,3.0,2.0,7.0,1.0,1.0,3.0,1.0,3.0,1.0,3
274,4.0,4.0,3.0,2.0,5.0,1.0,2.0,3.0,4.0,1.0,1.0,15
275,1.0000000000000002,1.0,2.0,1.0,7.0,1.9999999999999996,2.0,2.0,8.0,1.0,1.0,15
276,4.0,7.0,3.0,2.0,10.0,7.0,1.0,1.0,8.0,3.0,1.0,7
277,2.0,5.0,1.0,1.0,7.0,7.0,2.0,1.0,3.0,3.0,2.0,13
278,3.0,4.0,2.0,2.0,3.0,8.0,1.0,3.0,4.0,2.0,1.0,16
279,3.0,7.0,2.0,1.0,4.0,5.0,1.0,3.0,3.0,1.0,1.0,16
280,3.0,3.0,3.0,1.0,2.0000000000000004,4.0,2.0,2.0,3.0,3.0,1.0,9
281,4.0,1.0,3.0,1.0,4.0,6.0,2.0,2.0,8.0,3.0,2.0,4
282,2.0,4.0,1.0,1.0,7.0,6.0,1.0,1.0,7.0,3.0,2.0,0
283,4.0,8.0,1.0,2.0,4.0,7.0,1.0,3.0,5.0,1.0,1.0,2
284,1.0000000000000002,1.0,2.0,2.0,6.0,3.0,1.0,3.0,4.0,2.0,2.0,1
285,4.0,4.0,2.0,1.0,5.0,1.0,2.0,3.0,2.0,1.0,1.0,15
286,1.0000000000000002,2.0,3.0,2.0,4.0,5.0,2.0,2.0,10.0,3.0,1.0,3
287,1.0000000000000002,8.0,2.0,1.0,6.0,3.0,2.0,1.0,8.0,2.0,1.0,9
288,3.0,6.0,3.0,1.0,6.0,4.0,1.0,2.0,7.0,2.0,1.0,5
289,4.0,5.0,1.0,1.0,9.0,5.0,1.0,3.0,10.0,3.0,1.0,5
290,4.0,1.0,3.0,1.0,4.0,9.0,2.0,1.0,7.0,3.0,1.0,9
291,4.0,1.0,2.0,1.0,10.0,5.0,1.0,2.0,1.0,1.0,1.0,0
292,4.0,6.0,1.0,2.0,6.0,1.9999999999999996,2.0,2.0,9.0,2.0,2.0,4
293,2.0,4.0,3.0,1.0,5.0,8.0,1.0,1.0,6.0,2.0,1.0,0
294,4.0,2.0,2.0,1.0,3.0,3.0,1.0,3.0,9.0,1.0,2.0,1
295,1.0000000000000002,5.0,2.0,1.0,4.0,3.0,2.0,2.0,2.0,3.0,1.0,17
296,4.0,3.0,1.0,2.0,8.0,1.0,2.0,2.0,10.0,3.0,2.0,4
297,4.0,7.0,3.0,1.0,5.0,7.0,1.0,3.0,7.0,2.0,1.0,5
298,2.0,3.0,1.0,1.0,9.0,8.0,2.0,1.0,5.0,2.0,2.0,13
299,3.0,3.0,1.0,1.0,9.0,1.9999999999999996,1.0,1.0,5.0,3.0,1.0,0
300,2.0,8.0,2.0,1.0,3.0,1.0,1.0,2.0,11.0,3.0,2.0,5
301,3.0,2.0,3.0,2.0,8.0,5.0,1.0,3.0,10.0,3.0,2.0,6
302,4.0,1.0,3.0,2.0,10.0,1.9999999999999996,1.0,2.0,3.0,1.0,1.0,15
303,3.0,6.0,3.0,1.0,8.0,6.0,1.0,2.0,3.0,3.0,1.0,5
304,1.0000000000000002,5.0,1.0,2.0,7.0,9.0,2.0,2.0,5.0,2.0,1.0,3
305,1.0000000000000002,6.0,3.0,1.0,4.0,9.0,1.0,2.0,8.0,2.0,2.0,18
306,1.0000000000000002,3.0,1.0,1.0,9.0,8.0,1.0,3.0,7.0,3.0,1.0,8
307,4.0,5.0,1.0,1.0,9.0,10.0,1.0,2.0,10.0,1.0,2.0,2
308,4.0,5.0,3.0,1.0,7.0,8.0,2.0,1.0,4.0,2.0,1.0,9
309,1.0000000000000002,3.0,3.0,1.0,1.0,9.0,2.0,2.0,6.0,1.0,2.0,13
310,3.0,8.0,3.0,1.0,4.0,8.0,2.0,2.0,10.0,3.0,2.0,2
311,1.0000000000000002,2.0,3.0,1.0,6.0,4.0,2.0,1.0,4.0,3.0,1.0,17
312,4.0,1.0,2.0,1.0,8.0,5.0,1.0,2.0,5.0,1.0,1.0,0
313,3.0,8.0,1.0,2.0,2.0000000000000004,8.0,1.0,1.0,10.0,2.0,1.0,10
314,3.0,2.0,1.0,1.0,10.0,4.0,1.0,1.0,7.0,3.0,1.0,0
315,1.0000000000000002,5.0,3.0,2.0,3.0,8.0,1.0,3.0,9.0,2.0,1.0,8
316,3.0,5.0,2.0,1.0,4.0,6.0,2.0,1.0,3.0,2.0,2.0,13
317,2.0,6.0,1.0,1.0,5.0,5.0,1.0,1.0,5.0,2.0,1.0,17
318,2.0,6.0,3.0,1.0,7.0,9.0,2.0,1.0,6.0,2.0,1.0,9
319,4.0,1.0,3.0,2.0,6.0,10.0,1.0,1.0,2.0,2.0,1.0,10
320,3.0,2.0,2.0,2.0,5.0,1.9999999999999996,1.0,2.0,5.0,1.0,1.0,15
321,4.0,2.0,3.0,1.0,2.0000000000000004,3.0,1.0,1.0,2.0,1.0,1.0,0
322,1.0000000000000002,1.0,2.0,2.0,3.0,5.0,2.0,3.0,2.0,1.0,1.0,3
323,2.0,4.0,2.0,2.0,8.0,1.0,1.0,3.0,5.0,3.0,2.0,6
324,1.0000000000000002,5.0,3.0,2.0,6.0,8.0,1.0,2.0,4.0,2.0,1.0,8
325,1.0000000000000002,8.0,3.0,1.0,1.0,9.0,1.0,2.0,10.0,3.0,1.0,18
326,1.0000000000000002,2.0,1.0,2.0,4.0,1.9999999999999996,2.0,3.0,2.0,2.0,2.0,6
327,3.0,4.0,3.0,1.0,10.0,7.0,1.0,1.0,9.0,1.0,2.0,2
328,2.0,5.0,1.0,1.0,4.0,3.0,1.0,3.0,9.0,1.0,2.0,1
329,2.0,4.0,2.0,1.0,6.0,6.0,1.0,2.0,6.0,1.0,1.0,14
330,4.0,8.0,2.0,2.0,10.0,5.0,2.0,1.0,6.0,2.0,1.0,3
331,1.0000000000000002,7.0,2.0,2.0,5.0,4.0,1.0,1.0,4.0,1.0,2.0,10
332,1.0000000000000002,6.0,2.0,1.0,2.0000000000000004,8.0,1.0,2.0,9.0,2.0,2.0,18
333,1.0000000000000002,1.0,1.0,2.0,3.0,6.0,1.0,1.0,7.0,3.0,1.0,10
334,1.0000000000000002,6.0,2.0,1.0,2.0000000000000004,8.0,2.0,3.0,5.0,3.0,2.0,18
335,4.0,7.0,3.0,1.0,8.0,9.0,2.0,2.0,5.0,3.0,2.0,2
336,2.0,7.0,2.0,1.0,2.0000000000000004,9.0,2.0,2.0,11.0,1.0,1.0,9
337,4.0,7.0,3.0,1.0,7.0,7.0,2.0,1.0,2.0,2.0,1.0,9
338,3.0,3.0,2.0,2.0,1.0,1.9999999999999996,2.0,2.0,4.0,2.0,2.0,4
339,4.0,5.0,1.0,2.0,4.0,6.0,2.0,1.0,3.0,3.0,2.0,12
340,3.0,8.0,2.0,2.0,1.0,8.0,2.0,1.0,1.0,1.0,1.0,9
341,3.0,2.0,2.0,2.0,4.0,6.0,1.0,2.0,2.0,3.0,1.0,10
342,4.0,4.0,1.0,2.0,2.0000000000000004,9.0,2.0,3.0,11.0,2.0,1.0,11
343,2.0,4.0,2.0,2.0,5.0,4.0,2.0,2.0,5.0,2.0,2.0,4
344,4.0,7.0,1.0,2.0,8.0,4.0,2.0,3.0,11.0,2.0,1.0,11
345,1.0000000000000002,2.0,1.0,1.0,4.0,9.0,2.0,2.0,7.0,3.0,1.0,17
346,1.0000000000000002,8.0,1.0,2.0,1.0,6.0,1.0,3.0,11.0,2.0,1.0,16
347,4.0,4.0,3.0,1.0,3.0,4.0,2.0,3.0,7.0,3.0,1.0,5
348,4.0,7.0,2.0,2.0,9.0,8.0,2.0,2.0,1.0,1.0,1.0,9
349,4.0,5.0,1.0,1.0,1.0,9.0,2.0,2.0,9.0,3.0,1.0,9
350,4.0,3.0,3.0,1.0,4.0,8.0,2.0,1.0,9.0,1.0,2.0,13
351,1.0000000000000002,8.0,1.0,2.0,2.0000000000000004,1.9999999999999996,1.0,3.0,5.0,3.0,1.0,16
352,1.0000000000000002,8.0,1.0,2.0,5.0,6.0,1.0,2.0,10.0,1.0,1.0,8
353,2.0,1.0,3.0,2.0,10.0,4.0,2.0,3.0,7.0,3.0,2.0,6
354,2.0,1.0,2.0,1.0,2.0000000000000004,7.0,1.0,3.0,1.0,3.0,1.0,0
355,3.0,7.0,1.0,1.0,4.0,1.9999999999999996,1.0,2.0,8.0,1.0,1.0,11
356,2.0,2.0,2.0,1.0,6.0,10.0,1.0,1.0,11.0,2.0,1.0,0
357,3.0,3.0,2.0,2.0,9.0,4.0,2.0,1.0,7.0,1.0,1.0,3
358,4.0,4.0,2.0,2.0,3.0,7.0,1.0,2.0,8.0,3.0,1.0,10
359,4.0,2.0,3.0,2.0,10.0,10.0,1.0,2.0,11.0,1.0,2.0,2
360,2.0,1.0,2.0,2.0,5.0,8.0,2.0,1.0,9.0,2.0,2.0,3
361,1.0000000000000002,3.0,1.0,2.0,5.0,5.0,1.0,2.0,1.0,2.0,2.0,12
362,1.0000000000000002,1.0,1.0,2.0,9.0,4.0,1.0,3.0,7.0,2.0,2.0,1
363,2.0,3.0,3.0,2.0,9.0,1.9999999999999996,2.0,1.0,5.0,1.0,1.0,3
364,4.0,1.0,3.0,2.0,8.0,7.0,2.0,1.0,6.0,3.0,2.0,4
365,1.0000000000000002,1.0,1.0,2.0,3.0,7.0,1.0,2.0,4.0,2.0,2.0,12
366,3.0,2.0,1.0,1.0,7.0,1.9999999999999996,1.0,1.0,8.0,1.0,2.0,1
367,1.0000000000000002,3.0,1.0,2.0,9.0,9.0,1.0,1.0,5.0,3.0,2.0,12
368,4.0,1.0,3.0,1.0,10.0,8.0,2.0,3.0,3.0,1.0,1.0,0
369,2.0,6.0,3.0,1.0,8.0,1.0,2.0,2.0,11.0,1.0,2.0,2
370,2.0,1.0,1.0,1.0,10.0,6.0,1.0,3.0,7.0,1.0,1.0,14
371,2.0,4.0,3.0,1.0,5.0,1.9999999999999996,1.0,3.0,7.0,1.0,1.0,15
372,3.0,6.0,1.0,2.0,3.0,8.0,1.0,1.0,4.0,2.0,1.0,10
373,3.0,5.0,2.0,2.0,7.0,7.0,2.0,1.0,11.0,2.0,1.0,3
374,1.0000000000000002,7.0,1.0,1.0,5.0,8.0,2.0,1.0,5.0,3.0,2.0,13
375,2.0,6.0,1.0,2.0,9.0,7.0,1.0,2.0,9.0,3.0,2.0,6
376,1.0000000000000002,5.0,1.0,2.0,10.0,8.0,2.0,2.0,10.0,2.0,2.0,6
377,4.0,7.0,3.0,1.0,2.0000000000000004,10.0,1.0,1.0,7.0,2.0,1.0,5
378,1.0000000000000002,2.0,3.0,1.0,3.0,5.0,2.0,2.0,2.0,1.0,1.0,3
379,4.0,8.0,1.0,1.0,3.0,1.0,1.0,1.0,6.0,3.0,2.0,5
380,4.0,5.0,3.0,2.0,10.0,5.0,1.0,3.0,2.0,2.0,1.0,7
381,2.0,1.0,1.0,2.0,6.0,6.0,1.0,1.0,11.0,1.0,2.0,10
382,2.0,7.0,1.0,2.0,10.0,1.0,2.0,1.0,11.0,3.0,2.0,6
383,2.0,8.0,3.0,2.0,4.0,6.0,1.0,3.0,8.0,2.0,2.0,7
384,3.0,3.0,3.0,2.0,9.0,5.0,1.0,2.0,6.0,2.0,1.0,7
385,4.0,4.0,2.0,1.0,4.0,1.9999999999999996,1.0,3.0,3.0,1.0,1.0,16
386,1.0000000000000002,2.0,3.0,2.0,6.0,1.9999999999999996,2.0,1.0,7.0,3.0,1.0,3
387,1.0000000000000002,2.0,1.0,1.0,6.0,6.0,1.0,3.0,5.0,3.0,2.0,1
388,4.0,4.0,2.0,1.0,1.0,7.0,2.0,2.0,6.0,3.0,2.0,4
389,1.0000000000000002,2.0,2.0,2.0,4.0,5.0,2.0,1.0,7.0,2.0,2.0,3
390,2.0,3.0,3.0,1.0,1.0,1.0,2.0,2.0,4.0,1.0,2.0,1
391,2.0,5.0,3.0,1.0,6.0,5.0,2.0,1.0,5.0,3.0,1.0,17
392,1.0000000000000002,8.0,1.0,1.0,4.0,5.0,2.0,3.0,11.0,3.0,1.0,5
393,3.0,8.0,3.0,1.0,8.0,3.0,1.0,1.0,10.0,1.0,2.0,2
394,3.0,8.0,1.0,2.0,7.0,5.0,1.0,3.0,4.0,1.0,2.0,2
395,4.0,7.0,1.0,1.0,9.0,10.0,1.0,1.0,3.0,1.0,2.0,2
396,3.0,4.0,2.0,2.0,9.0,5.0,2.0,2.0,11.0,2.0,1.0,3
397,2.0,8.0,2.0,2.0,9.0,1.0,1.0,2.0,10.0,3.0,2.0,6
398,1.0000000000000002,2.0,1.0,1.0,10.0,4.0,1.0,1.0,5.0,1.0,2.0,1
399,3.0,3.0,2.0,1.0,2.0000000000000004,6.0,2.0,1.0,6.0,2.0,2.0,13
400,1.0000000000000002,8.0,3.0,2.0,7.0,1.0,2.0,3.0,2.0,2.0,2.0,7
401,3.0,5.0,2.0,1.0,2.0000000000000004,8.0,1.0,2.0,10.0,3.0,2.0,5
402,4.0,5.0,2.0,2.0,9.0,9.0,1.0,3.0,2.0,1.0,2.0,2
403,1.0000000000000002,7.0,2.0,1.0,1.0,5.0,2.0,3.0,9.0,2.0,2.0,18
404,4.0,6.0,2.0,2.0,5.0,10.0,1.0,2.0,9.0,1.0,1.0,10
405,1.0000000000000002,4.0,2.0,2.0,3.0,6.0,2.0,2.0,5.0,2.0,1.0,3
406,3.0,6.0,3.0,1.0,3.0,5.0,1.0,2.0,7.0,3.0,1.0,5
407,3.0,7.0,2.0,1.0,4.0,4.0,2.0,1.0,6.0,2.0,1.0,9
408,4.0,3.0,1.0,2.0,7.0,1.9999999999999996,1.0,1.0,1.0,1.0,2.0,12
409,1.0000000000000002,1.0,2.0,2.0,4.0,6.0,2.0,1.0,8.0,1.0,1.0,3
410,2.0,6.0,1.0,1.0,5.0,6.0,2.0,3.0,10.0,1.0,1.0,11
411,4.0,2.0,1.0,2.0,3.0,8.0,2.0,3.0,11.0,1.0,2.0,11
412,1.0000000000000002,1.0,2.0,1.0,5.0,10.0,2.0,2.0,2.0,1.0,2.0,13
413,3.0,2.0,1.0,1.0,4.0,7.0,1.0,3.0,2.0,1.0,1.0,16
414,2.0,5.0,1.0,2.0,6.0,10.0,1.0,1.0,8.0,1.0,1.0,10
415,3.0,4.0,2.0,1.0,3.0,9.0,1.0,3.0,1.0,3.0,1.0,0
416,3.0,7.0,2.0,2.0,1.0,1.9999999999999996,1.0,3.0,10.0,2.0,2.0,11
417,3.0,8.0,1.0,1.0,6.0,3.0,1.0,2.0,9.0,3.0,2.0,5
418,2.0,8.0,2.0,1.0,9.0,7.0,1.0,2.0,11.0,1.0,2.0,2
419,3.0,1.0,3.0,1.0,2.0000000000000004,7.0,1.0,2.0,3.0,2.0,1.0,0
420,3.0,6.0,1.0,1.0,3.0,4.0,2.0,1.0,10.0,1.0,2.0,2
421,3.0,8.0,2.0,2.0,6.0,9.0,1.0,3.0,10.0,3.0,1.0,8
422,2.0,4.0,1.0,1.0,8.0,8.0,1.0,3.0,1.0,1.0,1.0,14
423,3.0,2.0,1.0,2.0,6.0,8.0,1.0,1.0,10.0,2.0,1.0,10
424,4.0,5.0,1.0,1.0,7.0,7.0,2.0,1.0,11.0,2.0,2.0,2
425,3.0,6.0,1.0,2.0,9.0,3.0,1.0,2.0,6.0,3.0,1.0,10
426,3.0,8.0,3.0,1.0,8.0,5.0,1.0,3.0,8.0,3.0,1.0,5
427,2.0,5.0,2.0,2.0,8.0,6.0,1.0,3.0,7.0,3.0,2.0,6
428,4.0,8.0,3.0,1.0,10.0,3.0,1.0,1.0,7.0,1.0,2.0,2
429,1.0000000000000002,7.0,1.0,1.0,8.0,8.0,2.0,3.0,5.0,3.0,2.0,5
430,1.0000000000000002,2.0,1.0,1.0,7.0,3.0,2.0,3.0,7.0,2.0,1.0,14
431,2.0,5.0,2.0,1.0,7.0,7.0,2.0,1.0,9.0,2.0,1.0,9
432,2.0,5.0,2.0,1.0,3.0,1.0,1.0,1.0,3.0,2.0,2.0,0
433,3.0,3.0,2.0,1.0,3.0,4.0,2.0,2.0,11.0,3.0,1.0,17
434,2.0,6.0,2.0,1.0,2.0000000000000004,5.0,2.0,1.0,3.0,2.0,2.0,13
435,3.0,1.0,3.0,1.0,3.0,8.0,1.0,3.0,6.0,1.0,1.0,0
436,2.0,5.0,1.0,1.0,6.0,10.0,2.0,2.0,2.0,1.0,2.0,13
437,4.0,3.0,2.0,2.0,5.0,8.0,2.0,2.0,3.0,1.0,1.0,9
438,1.0000000000000002,3.0,3.0,2.0,3.0,6.0,1.0,2.0,11.0,3.0,2.0,8
439,1.0000000000000002,5.0,1.0,2.0,2.0000000000000004,4.0,2.0,3.0,6.0,3.0,2.0,6
440,2.0,5.0,1.0,2.0,10.0,6.0,2.0,2.0,10.0,3.0,1.0,6
441,1.0000000000000002,7.0,1.0,1.0,3.0,3.0,1.0,2.0,5.0,1.0,2.0,1
442,3.0,6.0,2.0,1.0,6.0,3.0,2.0,2.0,3.0,3.0,2.0,4
443,2.0,6.0,1.0,1.0,1.0,1.0,1.0,1.0,11.0,2.0,2.0,1
444,1.0000000000000002,8.0,1.0,1.0,4.0,1.0,1.0,3.0,11.0,2.0,2.0,1
445,4.0,7.0,1.0,2.0,1.0,3.0,1.0,1.0,1.0,3.0,2.0,12
446,4.0,3.0,2.0,2.0,8.0,6.0,1.0,2.0,11.0,1.0,2.0,2
447,1.0000000000000002,5.0,2.0,2.0,9.0,10.0,2.0,1.0,10.0,3.0,2.0,6
448,3.0,5.0,2.0,1.0,1.0,9.0,2.0,1.0,10.0,3.0,2.0,13
449,2.0,3.0,1.0,2.0,10.0,10.0,2.0,1.0,11.0,3.0,2.0,6
450,2.0,4.0,3.0,2.0,1.0,6.0,2.0,2.0,4.0,3.0,1.0,4
451,1.0000000000000002,5.0,1.0,2.0,2.0000000000000004,6.0,2.0,2.0,3.0,3.0,1.0,3
452,4.0,7.0,1.0,1.0,5.0,10.0,2.0,2.0,10.0,2.0,1.0,9
453,4.0,8.0,1.0,1.0,3.0,1.0,2.0,2.0,9.0,3.0,1.0,11
454,1.0000000000000002,5.0,1.0,2.0,4.0,7.0,1.0,1.0,5.0,3.0,1.0,10
455,3.0,8.0,1.0,1.0,3.0,8.0,1.0,3.0,8.0,1.0,2.0,18
456,1.0000000000000002,7.0,2.0,2.0,6.0,1.9999999999999996,1.0,1.0,8.0,1.0,1.0,10
457,3.0,1.0,1.0,1.0,8.0,1.0,1.0,3.0,8.0,2.0,1.0,0
458,2.0,8.0,2.0,2.0,2.0000000000000004,1.9999999999999996,1.0,3.0,2.0,1.0,1.0,16
459,1.0000000000000002,1.0,2.0,2.0,6.0,1.0,1.0,2.0,1.0,3.0,1.0,3
460,3.0,1.0,3.0,2.0,8.0,8.0,1.0,3.0,9.0,1.0,2.0,2
461,4.0,5.0,1.0,1.0,2.0000000000000004,9.0,2.0,3.0,4.0,1.0,2.0,18
462,2.0,3.0,2.0,1.0,4.0,4.0,1.0,3.0,10.0,1.0,1.0,15
463,1.0000000000000002,5.0,1.0,1.0,9.0,1.9999999999999996,2.0,2.0,8.0,3.0,1.0,17
464,2.0,3.0,3.0,1.0,7.0,3.0,1.0,1.0,9.0,1.0,1.0,0
465,2.0,2.0,3.0,2.0,4.0,3.0,2.0,1.0,9.0,1.0,1.0,3
466,3.0,6.0,3.0,1.0,8.0,6.0,2.0,3.0,1.0,2.0,2.0,14
467,4.0,1.0,1.0,2.0,8.0,1.0,2.0,2.0,11.0,1.0,1.0,15
468,3.0,7.0,3.0,2.0,7.0,9.0,2.0,3.0,4.0,1.0,2.0,7
469,4.0,5.0,1.0,1.0,6.0,3.0,2.0,3.0,3.0,2.0,2.0,4
470,3.0,4.0,2.0,1.0,6.0,5.0,1.0,2.0,2.0,3.0,1.0,0
471,2.0,8.0,1.0,2.0,3.0,7.0,2.0,2.0,2.0,3.0,2.0,12
472,2.0,5.0,3.0,2.0,2.0000000000000004,7.0,1.0,1.0,8.0,3.0,1.0,10
473,4.0,6.0,3.0,1.0,5.0,10.0,1.0,2.0,2.0,2.0,1.0,5
474,1.0000000000000002,3.0,2.0,1.0,1.0,1.0,2.0,1.0,11.0,3.0,1.0,17
475,4.0,5.0,1.0,1.0,6.0,9.0,1.0,3.0,6.0,3.0,2.0,5
476,1.0000000000000002,4.0,3.0,2.0,5.0,5.0,2.0,2.0,11.0,2.0,2.0,3
477,2.0,3.0,3.0,2.0,7.0,7.0,1.0,2.0,5.0,3.0,2.0,6
478,2.0,1.0,3.0,1.0,2.0000000000000004,1.0,2.0,2.0,11.0,2.0,2.0,1
479,4.0,5.0,3.0,1.0,3.0,8.0,1.0,2.0,5.0,3.0,1.0,5
480,2.0,5.0,3.0,2.0,4.0,4.0,1.0,3.0,4.0,3.0,2.0,6
481,2.0,4.0,3.0,1.0,5.0,1.9999999999999996,2.0,1.0,1.0,3.0,2.0,4
482,1.0000000000000002,2.0,1.0,2.0,5.0,7.0,1.0,2.0,7.0,1.0,1.0,10
483,3.0,6.0,2.0,1.0,10.0,1.0,2.0,3.0,11.0,2.0,1.0,5
484,2.0,6.0,3.0,1.0,3.0,1.9999999999999996,2.0,3.0,5.0,1.0,1.0,15
485,3.0,6.0,3.0,1.0,5.0,10.0,2.0,3.0,4.0,3.0,1.0,5
486,2.0,1.0,3.0,1.0,2.0000000000000004,3.0,1.0,1.0,7.0,1.0,2.0,1
487,2.0,7.0,2.0,1.0,10.0,1.0,2.0,1.0,8.0,2.0,2.0,2
488,1.0000000000000002,5.0,3.0,1.0,10.0,5.0,1.0,2.0,10.0,2.0,1.0,0
489,4.0,3.0,1.0,1.0,3.0,3.0,1.0,3.0,5.0,1.0,1.0,16
490,1.0000000000000002,8.0,2.0,2.0,5.0,4.0,2.0,2.0,6.0,3.0,1.0,3
491,1.0000000000000002,7.0,1.0,2.0,5.0,7.0,2.0,2.0,7.0,1.0,2.0,12
492,3.0,2.0,1.0,2.0,10.0,4.0,1.0,2.0,10.0,1.0,1.0,10
493,2.0,4.0,3.0,2.0,4.0,1.9999999999999996,2.0,3.0,3.0,3.0,1.0,4
494,3.0,4.0,2.0,2.0,3.0,10.0,1.0,1.0,8.0,3.0,2.0,10
495,1.0000000000000002,2.0,2.0,1.0,2.0000000000000004,1.9999999999999996,2.0,1.0,5.0,1.0,2.0,1
496,1.0000000000000002,3.0,3.0,2.0,6.0,1.9999999999999996,2.0,2.0,11.0,3.0,1.0,3
497,1.0000000000000002,1.0,2.0,2.0,4.0,1.9999999999999996,2.0,3.0,4.0,2.0,1.0,3
498,3.0,3.0,2.0,1.0,2.0000000000000004,6.0,2.0,3.0,1.0,1.0,2.0,18
499,1.0000000000000002,2.0,2.0,2.0,3.0,4.0,1.0,3.0,4.0,1.0,2.0,1
500,1.0000000000000002,7.0,3.0,2.0,8.0,1.0,1.0,2.0,8.0,3.0,2.0,6
501,2.0,4.0,1.0,1.0,2.0000000000000004,6.0,1.0,2.0,1.0,1.0,1.0,16
502,4.0,2.0,3.0,2.0,2.0000000000000004,1.0,2.0,2.0,9.0,2.0,2.0,4
503,1.0000000000000002,8.0,3.0,2.0,8.0,6.0,1.0,3.0,10.0,1.0,2.0,7
504,3.0,5.0,3.0,1.0,6.0,5.0,2.0,3.0,10.0,2.0,1.0,15
505,4.0,6.0,1.0,2.0,10.0,7.0,2.0,1.0,10.0,1.0,2.0,2
506,4.0,2.0,2.0,1.0,2.0000000000000004,1.9999999999999996,1.0,1.0,10.0,1.0,2.0,1
507,3.0,6.0,2.0,2.0,1.0,6.0,2.0,3.0,7.0,1.0,1.0,11
508,4.0,2.0,2.0,1.0,2.0000000000000004,9.0,2.0,2.0,9.0,3.0,1.0,9
509,2.0,3.0,3.0,2.0,6.0,3.0,2.0,2.0,4.0,3.0,2.0,4
510,2.0,2.0,1.0,1.0,1.0,1.0,2.0,3.0,5.0,1.0,2.0,1
511,4.0,8.0,1.0,1.0,9.0,7.0,1.0,2.0,8.0,3.0,1.0,5
512,2.0,4.0,1.0,2.0,4.0,7.0,2.0,1.0,3.0,2.0,2.0,12
513,3.0,5.0,2.0,1.0,8.0,7.0,2.0,1.0,8.0,1.0,2.0,2
514,2.0,8.0,1.0,2.0,6.0,10.0,2.0,2.0,10.0,1.0,1.0,8
515,3.0,2.0,2.0,1.0,9.0,4.0,2.0,3.0,1.0,2.0,2.0,0
516,4.0,6.0,2.0,2.0,1.0,7.0,1.0,2.0,11.0,2.0,2.0,11
517,2.0,1.0,1.0,1.0,4.0,1.0,2.0,2.0,9.0,1.0,2.0,1
518,4.0,3.0,3.0,2.0,8.0,1.0,2.0,2.0,1.0,2.0,2.0,4
519,3.0,3.0,1.0,2.0,10.0,7.0,1.0,1.0,9.0,1.0,1.0,10
520,2.0,4.0,3.0,2.0,5.0,10.0,2.0,2.0,1.0,3.0,1.0,3
521,4.0,1.0,2.0,2.0,1.0,4.0,2.0,3.0,6.0,3.0,2.0,4
522,3.0,6.0,3.0,2.0,7.0,8.0,1.0,2.0,4.0,1.0,1.0,7
523,2.0,8.0,3.0,1.0,8.0,3.0,1.0,2.0,5.0,1.0,2.0,2
524,2.0,5.0,3.0,1.0,9.0,5.0,2.0,3.0,10.0,1.0,2.0,2
525,3.0,8.0,1.0,1.0,6.0,10.0,1.0,1.0,4.0,3.0,2.0,2
526,1.0000000000000002,5.0,2.0,1.0,6.0,6.0,2.0,1.0,7.0,2.0,2.0,13
527,2.0,2.0,2.0,1.0,5.0,8.0,2.0,2.0,5.0,2.0,2.0,13
528,3.0,3.0,1.0,1.0,4.0,5.0,2.0,2.0,5.0,2.0,2.0,0
529,4.0,3.0,2.0,2.0,6.0,1.0,2.0,2.0,5.0,3.0,1.0,4
530,4.0,1.0,1.0,1.0,6.0,9.0,2.0,1.0,11.0,3.0,1.0,9
531,1.0000000000000002,7.0,1.0,2.0,9.0,4.0,2.0,3.0,9.0,3.0,1.0,6
532,1.0000000000000002,4.0,2.0,2.0,9.0,8.0,2.0,2.0,10.0,2.0,2.0,6
533,3.0,6.0,1.0,2.0,6.0,8.0,2.0,2.0,3.0,1.0,1.0,9
534,4.0,3.0,1.0,2.0,7.0,10.0,1.0,2.0,2.0,2.0,1.0,10
535,2.0,5.0,1.0,1.0,7.0,8.0,1.0,1.0,1.0,3.0,1.0,0
536,2.0,8.0,2.0,1.0,3.0,7.0,1.0,3.0,10.0,3.0,2.0,5
537,3.0,3.0,2.0,1.0,4.0,9.0,2.0,2.0,4.0,3.0,1.0,9
538,4.0,6.0,2.0,1.0,10.0,3.0,1.0,2.0,8.0,1.0,2.0,2
539,2.0,7.0,3.0,1.0,6.0,1.0,1.0,3.0,5.0,3.0,1.0,5
540,2.0,7.0,3.0,1.0,6.0,7.0,1.0,3.0,10.0,3.0,1.0,5
541,3.0,4.0,2.0,1.0,3.0,4.0,1.0,2.0,7.0,1.0,2.0,1
542,2.0,2.0,3.0,1.0,2.0000000000000004,1.0,1.0,1.0,1.0,3.0,1.0,0
543,4.0,2.0,2.0,2.0,4.0,4.0,2.0,2.0,8.0,1.0,1.0,15
544,3.0,8.0,1.0,1.0,10.0,5.0,2.0,3.0,8.0,3.0,2.0,5
545,4.0,4.0,1.0,1.0,7.0,10.0,2.0,2.0,2.0,3.0,2.0,13
546,4.0,2.0,3.0,1.0,4.0,3.0,2.0,1.0,4.0,3.0,2.0,4
547,3.0,3.0,3.0,1.0,9.0,3.0,2.0,2.0,11.0,2.0,2.0,2
548,4.0,8.0,2.0,2.0,6.0,1.0,1.0,2.0,10.0,3.0,1.0,11
549,3.0,7.0,3.0,2.0,8.0,3.0,2.0,1.0,11.0,3.0,1.0,3
550,4.0,4.0,1.0,2.0,5.0,6.0,1.0,2.0,6.0,2.0,1.0,10
551,1.0000000000000002,2.0,1.0,2.0,8.0,5.0,1.0,3.0,2.0,2.0,2.0,1
552,1.0000000000000002,6.0,2.0,2.0,10.0,1.0,2.0,2.0,2.0,3.0,1.0,6
553,2.0,8.0,2.0,2.0,9.0,1.0,1.0,3.0,5.0,1.0,1.0,7
554,2.0,1.0,3.0,1.0,9.0,4.0,1.0,1.0,2.0,2.0,1.0,0
555,3.0,7.0,3.0,2.0,9.0,4.0,2.0,3.0,1.0,3.0,1.0,7
556,1.0000000000000002,5.0,3.0,2.0,1.0,1.0,2.0,3.0,5.0,3.0,1.0,4
557,3.0,7.0,2.0,2.0,9.0,1.0,2.0,1.0,9.0,2.0,1.0,3
558,4.0,2.0,3.0,1.0,9.0,3.0,1.0,1.0,6.0,2.0,2.0,4
559,2.0,2.0,2.0,1.0,7.0,1.9999999999999996,1.0,1.0,1.0,2.0,2.0,0
560,1.0000000000000002,5.0,3.0,2.0,8.0,1.0,1.0,2.0,7.0,3.0,2.0,6
561,3.0,1.0,1.0,2.0,7.0,3.0,1.0,3.0,8.0,1.0,2.0,1
562,4.0,8.0,1.0,1.0,6.0,1.9999999999999996,2.0,1.0,1.0,3.0,1.0,17
563,4.0,2.0,2.0,1.0,5.0,1.0,2.0,3.0,7.0,3.0,2.0,4
564,2.0,4.0,1.0,2.0,2.0000000000000004,9.0,1.0,3.0,1.0,2.0,1.0,16
565,1.0000000000000002,8.0,2.0,1.0,1.0,1.9999999999999996,1.0,2.0,1.0,1.0,1.0,16
566,3.0,8.0,2.0,2.0,5.0,7.0,1.0,3.0,8.0,2.0,1.0,8
567,4.0,7.0,2.0,2.0,7.0,3.0,2.0,2.0,10.0,2.0,2.0,4
568,3.0,4.0,1.0,2.0,4.0,9.0,1.0,2.0,3.0,2.0,2.0,12
569,3.0,4.0,3.0,1.0,4.0,8.0,2.0,2.0,11.0,1.0,2.0,13
570,2.0,4.0,2.0,2.0,3.0,4.0,1.0,1.0,5.0,3.0,1.0,10
571,4.0,7.0,2.0,2.0,9.0,10.0,2.0,1.0,5.0,1.0,2.0,2
572,1.0000000000000002,2.0,1.0,2.0,9.0,1.0,2.0,3.0,4.0,2.0,2.0,6
573,3.0,6.0,2.0,1.0,8.0,8.0,2.0,3.0,3.0,2.0,2.0,14
574,4.0,7.0,1.0,2.0,4.0,6.0,2.0,2.0,10.0,1.0,1.0,11
575,4.0,3.0,3.0,2.0,4.0,1.0,1.0,2.0,10.0,1.0,2.0,11
576,1.0000000000000002,4.0,1.0,1.0,3.0,5.0,2.0,1.0,4.0,1.0,1.0,9
577,4.0,1.0,1.0,2.0,4.0,5.0,2.0,1.0,4.0,1.0,2.0,12
578,1.0000000000000002,1.0,1.0,1.0,5.0,8.0,2.0,2.0,10.0,2.0,2.0,13
579,2.0,2.0,1.0,1.0,6.0,4.0,2.0,1.0,4.0,3.0,1.0,17
580,2.0,3.0,3.0,1.0,5.0,1.0,1.0,2.0,6.0,1.0,1.0,15
581,3.0,6.0,2.0,2.0,6.0,1.0,2.0,2.0,6.0,3.0,1.0,4
582,1.0000000000000002,8.0,2.0,1.0,3.0,9.0,1.0,2.0,7.0,3.0,2.0,18
583,1.0000000000000002,2.0,2.0,2.0,6.0,1.0,2.0,3.0,3.0,3.0,2.0,6
584,1.0000000000000002,8.0,2.0,1.0,4.0,9.0,1.0,3.0,2.0,2.0,2.0,18
585,2.0,2.0,1.0,2.0,2.0000000000000004,1.9999999999999996,1.0,1.0,5.0,1.0,1.0,10
586,4.0,5.0,1.0,2.0,2.0000000000000004,1.9999999999999996,2.0,2.0,9.0,3.0,1.0,11
587,3.0,5.0,2.0,2.0,1.0,3.0,2.0,1.0,1.0,3.0,1.0,4
588,4.0,7.0,2.0,1.0,1.0,9.0,2.0,1.0,9.0,2.0,1.0,9
589,1.0000000000000002,5.0,3.0,1.0,4.0,3.0,2.0,1.0,11.0,3.0,2.0,17
590,2.0,8.0,2.0,1.0,3.0,6.0,1.0,3.0,5.0,2.0,2.0,18
591,4.0,4.0,3.0,2.0,4.0,3.0,1.0,1.0,7.0,3.0,1.0,10
592,4.0,5.0,3.0,2.0,2.0000000000000004,1.0,2.0,1.0,11.0,2.0,2.0,4
593,1.0000000000000002,6.0,1.0,1.0,9.0,3.0,1.0,2.0,6.0,1.0,2.0,1
594,2.0,5.0,2.0,2.0,10.0,1.9999999999999996,1.0,2.0,8.0,3.0,2.0,6
595,2.0,2.0,1.0,2.0,10.0,8.0,1.0,2.0,6.0,1.0,1.0,10
596,2.0,8.0,3.0,2.0,10.0,5.0,1.0,2.0,9.0,2.0,2.0,7
597,4.0,3.0,1.0,1.0,10.0,6.0,1.0,1.0,4.0,1.0,1.0,0
598,1.0000000000000002,8.0,2.0,2.0,8.0,3.0,2.0,1.0,3.0,2.0,1.0,3
599,3.0,8.0,2.0,2.0,5.0,1.0,1.0,3.0,9.0,2.0,1.0,11
600,1.0000000000000002,1.0,2.0,2.0,9.0,4.0,1.0,3.0,10.0,2.0,1.0,3
601,4.0,6.0,3.0,2.0,10.0,4.0,2.0,1.0,8.0,2.0,2.0,2
602,3.0,7.0,1.0,1.0,9.0,6.0,2.0,3.0,2.0,2.0,1.0,14
603,4.0,2.0,1.0,2.0,5.0,9.0,2.0,3.0,7.0,3.0,2.0,12
604,3.0,3.0,3.0,2.0,8.0,3.0,2.0,1.0,3.0,2.0,1.0,3
605,3.0,6.0,1.0,2.0,4.0,7.0,2.0,3.0,8.0,1.0,2.0,11
606,4.0,8.0,3.0,2.0,1.0,4.0,2.0,2.0,6.0,1.0,2.0,11
607,3.0,4.0,1.0,1.0,1.0,9.0,2.0,1.0,2.0,3.0,2.0,13
608,1.0000000000000002,4.0,3.0,2.0,8.0,3.0,2.0,2.0,7.0,2.0,1.0,3
609,1.0000000000000002,6.0,3.0,1.0,1.0,9.0,2.0,3.0,4.0,2.0,1.0,18
610,4.0,3.0,2.0,2.0,1.0,8.0,2.0,1.0,5.0,3.0,1.0,4
611,2.0,2.0,2.0,1.0,10.0,8.0,1.0,3.0,3.0,1.0,1.0,14
612,3.0,5.0,2.0,2.0,7.0,7.0,2.0,3.0,1.0,3.0,2.0,12
613,3.0,6.0,2.0,1.0,7.0,10.0,2.0,2.0,10.0,1.0,1.0,9
614,4.0,7.0,2.0,2.0,8.0,7.0,1.0,2.0,4.0,2.0,2.0,2
615,2.0,3.0,3.0,2.0,8.0,5.0,2.0,3.0,4.0,1.0,1.0,7
616,2.0,4.0,2.0,1.0,4.0,9.0,2.0,1.0,11.0,2.0,1.0,9
617,3.0,3.0,3.0,2.0,9.0,8.0,2.0,2.0,6.0,1.0,2.0,2
618,1.0000000000000002,3.0,2.0,2.0,1.0,3.0,2.0,2.0,5.0,1.0,2.0,12
619,3.0,4.0,3.0,1.0,8.0,10.0,2.0,3.0,9.0,2.0,2.0,2
620,1.0000000000000002,4.0,1.0,2.0,1.0,3.0,1.0,1.0,5.0,1.0,2.0,12
621,4.0,8.0,1.0,1.0,8.0,10.0,1.0,1.0,7.0,2.0,2.0,2
622,2.0,8.0,2.0,1.0,1.0,1.9999999999999996,2.0,3.0,4.0,1.0,2.0,18
623,4.0,6.0,3.0,2.0,4.0,3.0,2.0,1.0,11.0,3.0,2.0,4
624,3.0,7.0,2.0,1.0,5.0,10.0,2.0,3.0,9.0,3.0,1.0,5
625,4.0,2.0,1.0,1.0,7.0,4.0,2.0,2.0,9.0,1.0,1.0,15
626,3.0,4.0,1.0,2.0,6.0,3.0,2.0,2.0,11.0,3.0,1.0,10
627,4.0,1.0,1.0,1.0,10.0,1.9999999999999996,1.0,3.0,7.0,3.0,2.0,0
628,4.0,6.0,2.0,2.0,6.0,8.0,1.0,2.0,5.0,2.0,2.0,2
629,1.0000000000000002,2.0,3.0,2.0,5.0,3.0,2.0,2.0,9.0,1.0,2.0,3
630,4.0,2.0,3.0,2.0,9.0,1.9999999999999996,2.0,3.0,9.0,1.0,1.0,15
631,2.0,1.0,1.0,1.0,9.0,5.0,2.0,2.0,10.0,3.0,1.0,17
632,4.0,7.0,2.0,2.0,10.0,9.0,1.0,2.0,7.0,3.0,1.0,7
633,3.0,2.0,3.0,1.0,2.0000000000000004,8.0,1.0,1.0,11.0,2.0,1.0,0
634,1.0000000000000002,4.0,3.0,1.0,2.0000000000000004,3.0,2.0,2.0,11.0,3.0,1.0,17
635,1.0000000000000002,6.0,1.0,1.0,2.0000000000000004,1.9999999999999996,1.0,3.0,6.0,3.0,1.0,16
636,1.0000000000000002,8.0,2.0,1.0,4.0,3.0,1.0,2.0,1.0,2.0,1.0,16
637,3.0,1.0,1.0,1.0,5.0,5.0,2.0,1.0,11.0,2.0,2.0,2
638,2.0,1.0,1.0,2.0,3.0,9.0,1.0,1.0,10.0,2.0,1.0,10
639,4.0,4.0,2.0,1.0,4.0,1.0,1.0,3.0,4.0,2.0,2.0,0
640,2.0,2.0,2.0,1.0,6.0,1.0,2.0,1.0,8.0,1.0,1.0,15
641,3.0,8.0,2.0,1.0,8.0,3.0,2.0,2.0,5.0,3.0,2.0,4
642,4.0,2.0,3.0,1.0,2.0000000000000004,8.0,1.0,1.0,9.0,1.0,1.0,0
643,4.0,6.0,3.0,2.0,8.0,3.0,1.0,2.0,3.0,3.0,1.0,7
644,1.0000000000000002,2.0,3.0,2.0,7.0,5.0,1.0,3.0,9.0,3.0,2.0,6
645,2.0,2.0,2.0,2.0,3.0,7.0,1.0,3.0,10.0,2.0,2.0,8
646,1.0000000000000002,5.0,2.0,2.0,8.0,6.0,1.0,3.0,11.0,2.0,2.0,6
647,3.0,8.0,3.0,1.0,2.0000000000000004,4.0,1.0,1.0,2.0,3.0,2.0,4
648,3.0,3.0,2.0,1.0,6.0,6.0,1.0,2.0,2.0,3.0,2.0,0
649,2.0,7.0,2.0,1.0,1.0,1.0,1.0,3.0,5.0,2.0,2.0,18
650,4.0,2.0,2.0,2.0,10.0,5.0,2.0,2.0,3.0,2.0,2.0,4
651,2.0,5.0,3.0,2.0,9.0,4.0,1.0,2.0,2.0,2.0,1.0,7
652,1.0000000000000002,1.0,2.0,2.0,8.0,3.0,2.0,2.0,5.0,3.0,2.0,6
653,3.0,8.0,3.0,1.0,8.0,1.0,1.0,3.0,5.0,2.0,1.0,5
654,1.0000000000000002,2.0,3.0,2.0,6.0,1.9999999999999996,1.0,1.0,2.0,3.0,2.0,3
655,3.0,1.0,3.0,2.0,3.0,1.0,2.0,2.0,5.0,2.0,1.0,4
656,4.0,1.0,2.0,2.0,2.0000000000000004,1.9999999999999996,1.0,1.0,5.0,1.0,1.0,15
657,3.0,3.0,2.0,1.0,2.0000000000000004,5.0,1.0,1.0,7.0,3.0,1.0,0
658,2.0,3.0,2.0,2.0,9.0,8.0,1.0,1.0,6.0,1.0,1.0,10
659,1.0000000000000002,8.0,1.0,1.0,7.0,3.0,2.0,3.0,5.0,2.0,1.0,14
660,1.0000000000000002,3.0,3.0,2.0,6.0,8.0,2.0,2.0,9.0,3.0,2.0,3
661,1.0000000000000002,4.0,1.0,2.0,1.0,10.0,2.0,1.0,10.0,3.0,2.0,13
662,3.0,2.0,2.0,2.0,4.0,1.0,2.0,1.0,5.0,3.0,1.0,4
663,3.0,1.0,2.0,1.0,2.0000000000000004,8.0,1.0,2.0,10.0,1.0,2.0,1
664,1.0000000000000002,7.0,3.0,2.0,2.0000000000000004,7.0,1.0,2.0,11.0,1.0,2.0,8
665,2.0,5.0,3.0,1.0,2.0000000000000004,6.0,2.0,3.0,11.0,2.0,1.0,15
666,2.0,7.0,2.0,1.0,4.0,10.0,1.0,1.0,4.0,1.0,2.0,13
667,4.0,7.0,2.0,2.0,1.0,5.0,2.0,1.0,9.0,2.0,2.0,4
668,4.0,2.0,1.0,1.0,10.0,3.0,1.0,3.0,1.0,1.0,1.0,0
669,4.0,6.0,2.0,1.0,5.0,8.0,1.0,2.0,3.0,3.0,1.0,0
670,1.0000000000000002,5.0,1.0,2.0,5.0,9.0,2.0,3.0,6.0,2.0,2.0,12
671,4.0,1.0,2.0,2.0,6.0,3.0,1.0,3.0,9.0,3.0,2.0,6
672,2.0,4.0,2.0,1.0,3.0,9.0,2.0,2.0,4.0,1.0,1.0,9
673,3.0,3.0,2.0,2.0,1.0,7.0,2.0,2.0,1.0,2.0,1.0,4
674,4.0,4.0,1.0,2.0,4.0,5.0,1.0,3.0,7.0,3.0,2.0,12
